{"Loan":[50,136,130,53,36,5,23,104,132,55,92,172,89,66,165,70,13,19,21,79,111,56,150,133,168,148,28,153,151,181,192,193,76,90,49,31,127,129,121,1,147,143,164,81,157,167,171,3,71,144,146,112,9,161,26,39,43,42,41,109,24,194,25,27,180,29,33,32,34,184,186,35,38,40,195,189,188,190,191,54,176,207,72,93,94,95,206,97,101,105,208,106,108,197,198,199,118,119,126,211,134,209,155,169,173,22,175,174,177,182],"RegulationZ":[137,135],"FhaVaLoan":[45,46],"Application":[10,80,6,83,139,44,138,145,156,8,7,162,201,202,203,204,205],"Borrower":[],"Contact":[],"Asset":[],"LoanSubmission":[91],"VaLoanData":[110,123],"LoanProductData":[12,120,69],"Liability":[],"Gfe":[64,68,65,67],"ClosingCost":[60,62,61,14,15,16,87,17,18,86,88,52,51],"ClosingDocument":[20,2,140,152,4],"HudLoanData":[142],"Residence":[],"Shipping":[149],"RateLock":[124,131,96,183],"Employment":[],"StateDisclosure":[114,113],"Hud1Es":[73,78,74,75,77],"ProfitManagement":[128],"Prequalification":[122],"TrustAccount":[163],"InterimServicing":[47,48,82,187,115,116,117,141],"Gfe2010":[57,63],"Gfe2010Page":[59,58],"Usda":[170],"TQL":[160,158,200,159],"ClosingDisclosure3":[166],"OtherAsset":[],"OtherLiability":[],"GiftGrant":[],"OtherIncomeSource":[],"URLAAlternateName":[],"DocumentAudit":[],"FannieServiceDuLog":[99,100],"FannieServiceEcLog":[99,100],"FreddieServiceLpaLog":[99,100],"FreddieServiceLqaLog":[99,100],"MIServiceArchLog":[99,100],"MIServiceMgicLog":[99,100],"MIServiceRadianLog":[99,100],"DocumentOrderLog":[185],"RemovedLogRecord":[100],"LoanActionLog":[99,100],"ExportLog":[196],"GoodFaithFeeVarianceCureLog":[],"ServicingPrintLog":[210],"DisclosureTracking2015Log":[99,100,30,103],"ConversationLog":[99,100],"CrmLog":[99,100],"DataTracLog":[99,100],"DisclosureTrackingLog":[99,100,30,103],"DocumentLog":[99,100],"DownloadLog":[99,100],"EdmLog":[99,100,37],"EmailTriggerLog":[99,100],"HtmlEmailLog":[99,100],"LockConfirmLog":[99,100],"LockDenialLog":[99,100],"LockRequestLog":[99,100],"LogAlert":[102],"LogEntryLog":[99,100],"LogRecord":[100],"MilestoneFreeRoleLog":[99,100,85],"MilestoneLog":[99,100,85],"MilestoneTaskLog":[99,100,107],"PostClosingConditionLog":[99,100],"PreliminaryConditionLog":[99,100],"PrintLog":[99,100,125],"RegistrationLog":[99,100],"StatusOnlineLog":[99,100,154],"UnderwritingConditionLog":[99,100],"VerificationLog":[99,100]}